url,city
https://tabelog.com/chiba/A1203/A120305/12024195/,流山市
https://tabelog.com/chiba/A1203/A120305/12024196/,流山市
https://tabelog.com/chiba/A1203/A120301/12037739/,柏市
https://tabelog.com/chiba/A1203/A120301/12029750/,柏市
https://tabelog.com/chiba/A1203/A120301/12012183/,柏市
https://tabelog.com/chiba/A1203/A120302/12034066/,松戸市
https://tabelog.com/chiba/A1203/A120302/12048578/,松戸市
https://tabelog.com/chiba/A1203/A120302/12052200/,松戸市
https://tabelog.com/chiba/A1203/A120302/12017952/,松戸市
https://tabelog.com/chiba/A1202/A120202/12003027/,市川市
https://tabelog.com/chiba/A1202/A120202/12046629/,市川市
https://tabelog.com/chiba/A1202/A120202/12024492/,市川市
https://tabelog.com/chiba/A1202/A120202/12024491/,市川市
https://tabelog.com/chiba/A1202/A120203/12001203/,浦安市
https://tabelog.com/chiba/A1202/A120203/12001252/,浦安市
https://tabelog.com/chiba/A1202/A120203/12037179/,浦安市
https://tabelog.com/chiba/A1202/A120203/12003662/,浦安市
https://tabelog.com/chiba/A1202/A120203/12022937/,浦安市
https://tabelog.com/chiba/A1202/A120203/12021535/,浦安市
https://tabelog.com/chiba/A1202/A120203/12005354/,浦安市
https://tabelog.com/chiba/A1202/A120203/12029674/,浦安市
https://tabelog.com/chiba/A1202/A120203/12003778/,浦安市
https://tabelog.com/chiba/A1202/A120203/12020396/,浦安市
https://tabelog.com/chiba/A1202/A120203/12000218/,浦安市
https://tabelog.com/chiba/A1202/A120203/12050279/,浦安市
https://tabelog.com/chiba/A1202/A120203/12037866/,浦安市
https://tabelog.com/chiba/A1202/A120203/12033916/,浦安市
https://tabelog.com/chiba/A1202/A120203/12004727/,浦安市
https://tabelog.com/chiba/A1202/A120203/12000217/,浦安市
https://tabelog.com/chiba/A1202/A120203/12052313/,浦安市
https://tabelog.com/chiba/A1202/A120203/12044155/,浦安市
https://tabelog.com/chiba/A1202/A120203/12028943/,浦安市
https://tabelog.com/chiba/A1202/A120203/12014673/,浦安市
https://tabelog.com/chiba/A1202/A120203/12040053/,浦安市
https://tabelog.com/chiba/A1202/A120203/12022941/,浦安市
https://tabelog.com/chiba/A1202/A120203/12052714/,浦安市
https://tabelog.com/chiba/A1202/A120203/12048345/,浦安市
https://tabelog.com/chiba/A1202/A120203/12028672/,浦安市
https://tabelog.com/chiba/A1202/A120203/12037293/,浦安市
https://tabelog.com/chiba/A1202/A120203/12036960/,浦安市
https://tabelog.com/chiba/A1202/A120201/12007373/,船橋市
https://tabelog.com/chiba/A1202/A120201/12047816/,船橋市
https://tabelog.com/chiba/A1203/A120303/12029748/,鎌ヶ谷市
https://tabelog.com/chiba/A1203/A120303/12004897/,鎌ヶ谷市
https://tabelog.com/chiba/A1203/A120303/12004067/,鎌ヶ谷市
https://tabelog.com/chiba/A1203/A120303/12002721/,鎌ヶ谷市
https://tabelog.com/chiba/A1203/A120303/12016733/,鎌ヶ谷市
https://tabelog.com/chiba/A1203/A120303/12023769/,鎌ヶ谷市
https://tabelog.com/chiba/A1203/A120303/12024334/,鎌ヶ谷市
https://tabelog.com/chiba/A1203/A120303/12023355/,鎌ヶ谷市
https://tabelog.com/chiba/A1203/A120303/12013409/,鎌ヶ谷市
https://tabelog.com/chiba/A1203/A120303/12031727/,鎌ヶ谷市
https://tabelog.com/chiba/A1203/A120303/12005674/,鎌ヶ谷市
https://tabelog.com/chiba/A1203/A120303/12018034/,鎌ヶ谷市
https://tabelog.com/chiba/A1203/A120303/12030486/,鎌ヶ谷市
https://tabelog.com/chiba/A1203/A120303/12018031/,鎌ヶ谷市
https://tabelog.com/chiba/A1203/A120303/12025482/,鎌ヶ谷市
https://tabelog.com/chiba/A1203/A120303/12024724/,鎌ヶ谷市
https://tabelog.com/chiba/A1203/A120303/12023115/,鎌ヶ谷市
https://tabelog.com/chiba/A1202/A120204/12027066/,習志野市
https://tabelog.com/chiba/A1202/A120204/12000513/,習志野市
https://tabelog.com/chiba/A1202/A120204/12020674/,習志野市
https://tabelog.com/chiba/A1202/A120204/12019964/,習志野市
https://tabelog.com/chiba/A1202/A120204/12027110/,習志野市
https://tabelog.com/chiba/A1202/A120204/12024762/,習志野市
https://tabelog.com/chiba/A1202/A120204/12027989/,習志野市
https://tabelog.com/chiba/A1202/A120204/12033298/,習志野市
https://tabelog.com/chiba/A1202/A120204/12003797/,習志野市
https://tabelog.com/chiba/A1202/A120204/12024988/,習志野市
https://tabelog.com/chiba/A1202/A120204/12023097/,習志野市
https://tabelog.com/chiba/A1202/A120204/12043204/,習志野市
https://tabelog.com/chiba/A1202/A120204/12043205/,習志野市
https://tabelog.com/chiba/A1202/A120204/12001006/,習志野市
https://tabelog.com/chiba/A1202/A120204/12000255/,習志野市
https://tabelog.com/chiba/A1202/A120204/12000157/,習志野市
https://tabelog.com/chiba/A1202/A120204/12030906/,習志野市
https://tabelog.com/chiba/A1202/A120204/12023679/,習志野市
https://tabelog.com/chiba/A1202/A120204/12033870/,習志野市
https://tabelog.com/chiba/A1202/A120204/12050183/,習志野市
https://tabelog.com/chiba/A1202/A120204/12023866/,習志野市
https://tabelog.com/chiba/A1202/A120204/12049202/,習志野市
https://tabelog.com/chiba/A1202/A120204/12038849/,習志野市
https://tabelog.com/chiba/A1202/A120204/12023678/,習志野市
https://tabelog.com/chiba/A1202/A120204/12046702/,習志野市
https://tabelog.com/chiba/A1202/A120204/12034192/,習志野市
https://tabelog.com/chiba/A1202/A120204/12004113/,習志野市
https://tabelog.com/chiba/A1201/A120105/12001287/,千葉市
https://tabelog.com/chiba/A1201/A120105/12000532/,千葉市
https://tabelog.com/chiba/A1201/A120105/12004184/,千葉市
https://tabelog.com/chiba/A1202/A120204/12037551/,八千代市
https://tabelog.com/chiba/A1202/A120204/12000687/,八千代市
https://tabelog.com/chiba/A1202/A120204/12036796/,八千代市
https://tabelog.com/chiba/A1202/A120204/12006683/,八千代市
https://tabelog.com/chiba/A1202/A120204/12002158/,八千代市
https://tabelog.com/chiba/A1202/A120204/12000628/,八千代市
https://tabelog.com/chiba/A1202/A120204/12007040/,八千代市
https://tabelog.com/chiba/A1202/A120204/12042590/,八千代市
https://tabelog.com/chiba/A1202/A120204/12007162/,八千代市
https://tabelog.com/chiba/A1202/A120204/12020504/,八千代市
https://tabelog.com/chiba/A1202/A120204/12032457/,八千代市
https://tabelog.com/chiba/A1202/A120204/12001136/,八千代市
https://tabelog.com/chiba/A1202/A120204/12000252/,八千代市
https://tabelog.com/chiba/A1202/A120204/12000175/,八千代市
https://tabelog.com/chiba/A1202/A120204/12004761/,八千代市
https://tabelog.com/chiba/A1202/A120204/12042326/,八千代市
https://tabelog.com/chiba/A1202/A120204/12006178/,八千代市
https://tabelog.com/chiba/A1202/A120204/12049420/,八千代市
https://tabelog.com/chiba/A1202/A120204/12036165/,八千代市
https://tabelog.com/chiba/A1202/A120204/12023568/,八千代市
https://tabelog.com/chiba/A1202/A120204/12028470/,八千代市
https://tabelog.com/chiba/A1202/A120204/12004182/,八千代市
https://tabelog.com/chiba/A1204/A120402/12025401/,八千代市
https://tabelog.com/chiba/A1202/A120204/12035231/,八千代市
https://tabelog.com/chiba/A1202/A120204/12042346/,八千代市
https://tabelog.com/chiba/A1206/A120601/12026025/,市原市
https://tabelog.com/chiba/A1206/A120601/12027441/,市原市
https://tabelog.com/chiba/A1206/A120601/12020754/,市原市
https://tabelog.com/chiba/A1206/A120601/12021470/,市原市
https://tabelog.com/chiba/A1206/A120601/12004300/,市原市
https://tabelog.com/chiba/A1206/A120601/12006647/,市原市
https://tabelog.com/chiba/A1206/A120601/12005593/,市原市
https://tabelog.com/chiba/A1206/A120601/12003718/,市原市
https://tabelog.com/chiba/A1206/A120601/12001821/,市原市
https://tabelog.com/chiba/A1206/A120601/12003327/,市原市
https://tabelog.com/chiba/A1206/A120601/12035934/,市原市
https://tabelog.com/chiba/A1206/A120601/12033180/,市原市
https://tabelog.com/chiba/A1206/A120601/12001237/,市原市
https://tabelog.com/chiba/A1206/A120601/12006549/,市原市
https://tabelog.com/chiba/A1206/A120601/12003791/,市原市
https://tabelog.com/chiba/A1206/A120601/12043411/,市原市
https://tabelog.com/chiba/A1206/A120601/12032670/,市原市
https://tabelog.com/chiba/A1206/A120601/12025005/,市原市
https://tabelog.com/chiba/A1206/A120601/12033176/,市原市
https://tabelog.com/chiba/A1206/A120601/12004297/,市原市
https://tabelog.com/chiba/A1206/A120601/12025304/,市原市
https://tabelog.com/chiba/A1206/A120601/12024574/,市原市
https://tabelog.com/chiba/A1206/A120601/12033181/,市原市
https://tabelog.com/chiba/A1206/A120601/12030808/,市原市
